Position,Name,Club,Category,Time,Team,Leg
1,Kevin Brydon,,,0:26:14,Shettleston Shifters,1
1,Oleg Chepelin,,,0:57:56,Shettleston Shifters,2
1,Tom Owens,,,0:57:56,Shettleston Shifters,2
1,Alasdair McLeod,,,0:43:33,Shettleston Shifters,3
1,Clement Eliot,,,0:43:33,Shettleston Shifters,3
1,Kenny Richmond,,,0:27:35,Shettleston Shifters,4
2,James Waldie,,,0:25:18,Carnethy Men A,1
2,Eoin Lennon,,,0:58:39,Carnethy Men A,2
2,Andy Fallas,,,0:58:39,Carnethy Men A,2
2,Iain Whiteside,,,0:44:34,Carnethy Men A,3
2,Michael Reid,,,0:44:34,Carnethy Men A,3
2,Andrew Gilmore,,,0:27:22,Carnethy Men A,4
3,Davie Millar,,,0:27:45,OHR SM,1
3,Al Anthony,,,0:57:59,OHR SM,2
3,Graham Gristwood,,,0:57:59,OHR SM,2
3,Bob Wiseman,,,0:46:31,OHR SM,3
3,Graeme Campbell,,,0:46:31,OHR SM,3
3,Dave Eiser,,,0:28:30,OHR SM,4
4,Gwyn Bellamy,,,0:25:11,Westies Mens A,1
4,Brian Bonnyman,,,1:06:39,Westies Mens A,2
4,Manny Gorman,,,1:06:39,Westies Mens A,2
4,James Callendar,,,0:48:30,Westies Mens A,3
4,Gregor Stewart,,,0:48:30,Westies Mens A,3
4,Owen O'Neill,,,0:29:38,Westies Mens A,4
5,Steven Burns,,,0:29:15,Lochaber AC Mens',1
5,Jon Gay,,,1:06:31,Lochaber AC Mens',2
5,Ruari Watt,,,1:06:31,Lochaber AC Mens',2
5,Tom Smith,,,0:46:54,Lochaber AC Mens',3
5,Nick Sedgwick,,,0:46:54,Lochaber AC Mens',3
5,Steve MacDonald,,,0:29:51,Lochaber AC Mens',4
6,David Fulton,,,0:27:55,HBT Hate Bloody Training,1
6,Hector Haines,,,1:04:20,HBT Hate Bloody Training,2
6,Tom Martyn,,,1:04:20,HBT Hate Bloody Training,2
6,James Bowden,,,0:54:29,HBT Hate Bloody Training,3
6,Coll Williamson,,,0:54:29,HBT Hate Bloody Training,3
6,Don Naylor,,,0:26:43,HBT Hate Bloody Training,4
7,Gordon Barrie,,,0:26:28,Hawks A,1
7,Ryan Stewart,,,1:05:24,Hawks A,2
7,Des Crowe,,,1:05:24,Hawks A,2
7,Billy Gibson,,,0:49:10,Hawks A,3
7,John McBain,,,0:49:10,Hawks A,3
7,Jamie Crowe,,,0:32:40,Hawks A,4
8,Lisa Gamble,,,0:30:57,Carnethy Mixed,1
8,Konrad Rawlik,,,1:04:13,Carnethy Mixed,2
8,Jasmin Paris,,,1:04:13,Carnethy Mixed,2
8,Ross Christie,,,0:48:47,Carnethy Mixed,3
8,Andrew Normand,,,0:48:47,Carnethy Mixed,3
8,Helen Bonsor,,,0:32:47,Carnethy Mixed,4
9,Steve Best,,,0:28:16,Carnethy Men B,1
9,Jim Hardie,,,1:12:09,Carnethy Men B,2
9,Euan Boyd,,,1:12:09,Carnethy Men B,2
9,Matthew Curry,,,0:47:40,Carnethy Men B,3
9,Iain Gilmore,,,0:47:40,Carnethy Men B,3
9,Alex McVey,,,0:29:58,Carnethy Men B,4
10,Matthew Tonner,,,0:28:52,Hawks B,1
10,Craig Love,,,1:08:48,Hawks B,2
10,Roger van Gompel,,,1:08:48,Hawks B,2
10,Steve Matthews,,,0:49:53,Hawks B,3
10,Bruce Scott,,,0:49:53,Hawks B,3
10,Ian Anderson,,,0:30:38,Hawks B,4
11,Ruth Joss,,,0:30:01,Shettleston Fine Mix,1
11,Jethro Lennox,,,1:02:21,Shettleston Fine Mix,2
11,Peter Mackie,,,1:02:21,Shettleston Fine Mix,2
11,Fiona Maxwell,,,0:58:10,Shettleston Fine Mix,3
11,Victoria Leiper,,,0:58:10,Shettleston Fine Mix,3
11,Steve Winter,,,0:28:38,Shettleston Fine Mix,4
12,Gregor Malcolm,,,0:27:09,"Fife AC ""A"" Team (Gregor)",1
12,Tristan Rees,,,1:10:29,"Fife AC ""A"" Team (Gregor)",2
12,Jamie Ingledew,,,1:10:29,"Fife AC ""A"" Team (Gregor)",2
12,Euan Boyle,,,0:53:38,"Fife AC ""A"" Team (Gregor)",3
12,Fergus Ingledew,,,0:53:38,"Fife AC ""A"" Team (Gregor)",3
12,George Rees,,,0:28:14,"Fife AC ""A"" Team (Gregor)",4
13,Sam Burgess,,,0:28:04,Deeside Men,1
13,Nick Mardel,,,1:07:02,Deeside Men,2
13,Alan Smith,,,1:07:02,Deeside Men,2
13,Dave Croll,,,0:52:38,Deeside Men,3
13,Jamie Ross,,,0:52:38,Deeside Men,3
13,Calum Kitching,,,0:32:30,Deeside Men,4
14,Mark Baume,,,0:30:47,OHR V40,1
14,Ewan Jack,,,1:06:38,OHR V40,2
14,Grant Baxter,,,1:06:38,OHR V40,2
14,Stefan Scheurl,,,0:54:05,OHR V40,3
14,Nick Leslie,,,0:54:05,OHR V40,3
14,Gary Fraser,,,0:29:31,OHR V40,4
15,Wattie Mackay,,,0:27:36,Strathearn Male Senior,1
15,Will Manners,,,1:06:34,Strathearn Male Senior,2
15,Roger Goddard,,,1:06:34,Strathearn Male Senior,2
15,Andy Greaves,,,0:53:13,Strathearn Male Senior,3
15,Sandy Storey,,,0:53:13,Strathearn Male Senior,3
15,Charlie Grimson,,,0:35:41,Strathearn Male Senior,4
16,Graeme Dunbar,,,0:29:25,Carnethy MV40,1
16,Gregor Heron,,,1:12:25,Carnethy MV40,2
16,Stewart Whitlie,,,1:12:25,Carnethy MV40,2
16,Matt Davis,,,0:52:48,Carnethy MV40,3
16,Olly Stevenson,,,0:52:48,Carnethy MV40,3
16,Mark Johnston,,,0:29:57,Carnethy MV40,4
17,Megan Wright,,,0:29:22,HBT Humdrum Brown Turnout,1
17,Megan Mowbray,,,1:10:04,HBT Humdrum Brown Turnout,2
17,Claire Gordon,,,1:10:04,HBT Humdrum Brown Turnout,2
17,Rachel Haines,,,0:52:27,HBT Humdrum Brown Turnout,3
17,Rowena Halliday,,,0:52:27,HBT Humdrum Brown Turnout,3
17,Eilis McKechanie,,,0:33:23,HBT Humdrum Brown Turnout,4
18,James Britton,,,0:26:23,Moorfoots,1
18,Colin Williams,,,1:10:43,Moorfoots,2
18,Scout Adkin,,,1:10:43,Moorfoots,2
18,Eddie Balfour,,,0:55:20,Moorfoots,3
18,Kenny Davidson,,,0:55:20,Moorfoots,3
18,Lucas Cheskin,,,0:32:53,Moorfoots,4
19,Alan Cameron,,,0:30:26,Corstorphine AAC,1
19,Paddy Jumelle,,,1:08:40,Corstorphine AAC,2
19,Tim Norwood,,,1:08:40,Corstorphine AAC,2
19,James Harrison,,,0:48:09,Corstorphine AAC,3
19,Alex Cumming,,,0:48:09,Corstorphine AAC,3
19,Martin Hulme,,,0:38:25,Corstorphine AAC,4
20,Nic Brew,,,0:27:03,Psycho Vegans,1
20,Gordon Mathieson,,,1:06:03,Psycho Vegans,2
20,Ben Hukins,,,1:06:03,Psycho Vegans,2
20,Andy Cargill,,,0:58:24,Psycho Vegans,3
20,Akira O'Connor,,,0:58:24,Psycho Vegans,3
20,Laurie Anderson,,,0:34:32,Psycho Vegans,4
21,Brian Scally,,,0:30:55,Shettleston Auld Stars,1
21,John Connaghan,,,1:05:03,Shettleston Auld Stars,2
21,Bill Breckenridge,,,1:05:03,Shettleston Auld Stars,2
21,Walter Henderson,,,0:54:42,Shettleston Auld Stars,3
21,Alastair Pringle,,,0:54:42,Shettleston Auld Stars,3
21,John Duffy,,,0:35:36,Shettleston Auld Stars,4
22,Steve Honeymoon,,,0:31:03,Carnegie Harriers Elitish,1
22,Pete Simpson,,,1:10:11,Carnegie Harriers Elitish,2
22,Derek Cassells,,,1:10:11,Carnegie Harriers Elitish,2
22,Paul Kieran,,,0:51:47,Carnegie Harriers Elitish,3
22,Steven King,,,0:51:47,Carnegie Harriers Elitish,3
22,Kevin Davie,,,0:34:47,Carnegie Harriers Elitish,4
23,John Denovan,,,0:28:43,Westies Mens B,1
23,Niall McAlinden,,,1:07:14,Westies Mens B,2
23,Rob Simpson,,,1:07:14,Westies Mens B,2
23,Simon Gardiner,,,0:56:24,Westies Mens B,3
23,Rod Fleming,,,0:56:24,Westies Mens B,3
23,Doug Lee,,,0:35:58,Westies Mens B,4
24,Adam Ward,,,0:30:05,Carnethy MV50,1
24,Adrian Davis,,,1:13:07,Carnethy MV50,2
24,Steven Fallon,,,1:13:07,Carnethy MV50,2
24,Mike Andrew,,,0:52:34,Carnethy MV50,3
24,Neil Gilmore,,,0:52:34,Carnethy MV50,3
24,Bruce Smith,,,0:34:00,Carnethy MV50,4
25,Graham Nash,,,0:29:28,Carnethy MV40 B,1
25,Mark Hartree,,,1:19:44,Carnethy MV40 B,2
25,Joel Sylvester,,,1:19:44,Carnethy MV40 B,2
25,Neil Burnett,,,0:52:20,Carnethy MV40 B,3
25,Mike Lynch,,,0:52:20,Carnethy MV40 B,3
25,Simon Titmus,,,0:31:48,Carnethy MV40 B,4
26,Bob Sheridan,,,0:31:43,Cosmics Men,1
26,Rob Brookes,,,1:07:37,Cosmics Men,2
26,Neil Easton,,,1:07:37,Cosmics Men,2
26,Colin Russel,,,0:50:51,Cosmics Men,3
26,Mark Stockton,,,0:50:51,Cosmics Men,3
26,Richard Wade,,,0:43:45,Cosmics Men,4
27,Kenny Anthony,,,0:29:22,Fife AC Over 50's,1
27,John Kay,,,1:14:30,Fife AC Over 50's,2
27,Dave Cowan,,,1:14:30,Fife AC Over 50's,2
27,Ian Hawkins,,,0:57:05,Fife AC Over 50's,3
27,Alasdair Hood,,,0:57:05,Fife AC Over 50's,3
27,Jez Tomlinson,,,0:34:21,Fife AC Over 50's,4
28,Jamie Scobie,,,0:30:59,Fife AC 1st Team (Jamie),1
28,Ryan Brocklebank,,,1:21:01,Fife AC 1st Team (Jamie),2
28,Oskar Fraser Krauss,,,1:21:01,Fife AC 1st Team (Jamie),2
28,Craig Morris,,,0:52:52,Fife AC 1st Team (Jamie),3
28,Sam Fernando,,,0:52:52,Fife AC 1st Team (Jamie),3
28,Robert Sparks,,,0:31:36,Fife AC 1st Team (Jamie),4
29,Sally Wallis,,,0:32:48,Deeside Ladies,1
29,Steph Provan,,,1:08:00,Deeside Ladies,2
29,Clare Whitehead,,,1:08:00,Deeside Ladies,2
29,Jenny Ricketts,,,0:57:47,Deeside Ladies,3
29,Samantha Rendall,,,0:57:47,Deeside Ladies,3
29,Sarah Dunn,,,0:38:17,Deeside Ladies,4
30,Fraser Scott,,,0:28:24,Lomie Laggards,1
30,Cameron Watson,,,1:25:11,Lomie Laggards,2
30,John Donnelly,,,1:25:11,Lomie Laggards,2
30,James Crozier,,,0:51:56,Lomie Laggards,3
30,Christopher Darling,,,0:51:56,Lomie Laggards,3
30,Neil Martin,,,0:32:32,Lomie Laggards,4
31,Euan Mackay,,,0:34:49,OHR V50,1
31,Dave Scott,,,1:16:06,OHR V50,2
31,Pete Buchanan,,,1:16:06,OHR V50,2
31,John Stevenson,,,0:53:15,OHR V50,3
31,Alan Manson,,,0:53:15,OHR V50,3
31,Dave Murray,,,0:34:01,OHR V50,4
32,Ciara Baxter,,,0:33:55,Bellahouston Road Runners,1
32,Bob Reid,,,1:09:20,Bellahouston Road Runners,2
32,Alastair Ewen,,,1:09:20,Bellahouston Road Runners,2
32,David Stakes,,,1:03:49,Bellahouston Road Runners,3
32,Gerry Hanlon,,,1:03:49,Bellahouston Road Runners,3
32,Tommy O'Connell,,,0:32:31,Bellahouston Road Runners,4
33,Isla MacKay,,,0:30:43,Lochaber AC Ladies',1
33,Diane Baum,,,1:14:45,Lochaber AC Ladies',2
33,Sarah MacKenzie,,,1:14:45,Lochaber AC Ladies',2
33,Edie Hemstock,,,0:55:45,Lochaber AC Ladies',3
33,Ciara Largey,,,0:55:45,Lochaber AC Ladies',3
33,Marie Meldrum,,,0:39:29,Lochaber AC Ladies',4
34,Duncan Davis,,,0:31:13,Carnethy Men C,1
34,Nigel Shekleton,,,1:17:09,Carnethy Men C,2
34,Matt Jones,,,1:17:09,Carnethy Men C,2
34,Alan Renville,,,0:59:13,Carnethy Men C,3
34,Andrew Patience,,,0:59:13,Carnethy Men C,3
34,Anthony Hemmings,,,0:33:10,Carnethy Men C,4
35,Sophie Mullins,,,0:29:12,Fife AC Ron's Rebels,1
35,Megan Crawford,,,1:26:28,Fife AC Ron's Rebels,2
35,Morgan Windram-Geddes,,,1:26:28,Fife AC Ron's Rebels,2
35,Amie McKimmie,,,0:54:34,Fife AC Ron's Rebels,3
35,Jennifer Kibble,,,0:54:34,Fife AC Ron's Rebels,3
35,Halina Rees,,,0:33:42,Fife AC Ron's Rebels,4
36,Dave Calder,,,0:30:42,Westies M50,1
36,Marc Roper,,,1:12:33,Westies M50,2
36,Ian Thurlbeck,,,1:12:33,Westies M50,2
36,John Quinn,,,1:03:35,Westies M50,3
36,Brian Brennan,,,1:03:35,Westies M50,3
36,Donald Reid,,,0:37:26,Westies M50,4
37,Bill Smith,,,0:30:06,Wormit Runners,1
37,David Shepherd,,,1:26:19,Wormit Runners,2
37,Gus McGhie,,,1:26:19,Wormit Runners,2
37,Lee Strachan,,,0:51:28,Wormit Runners,3
37,Keith Taylor,,,0:51:28,Wormit Runners,3
37,Nick Johnson,,,0:36:52,Wormit Runners,4
38,David Hirst,,,0:31:33,Deeside Mix,1
38,Jon Musgrave,,,1:11:39,Deeside Mix,2
38,Dirk Wallis,,,1:11:39,Deeside Mix,2
38,Clare Martin,,,1:05:19,Deeside Mix,3
38,Marie Entwistle,,,1:05:19,Deeside Mix,3
38,Andy Bain,,,0:36:24,Deeside Mix,4
39,Colin Souter,,,0:32:27,"The ""R"" Team",1
39,Charles Lines,,,1:18:15,"The ""R"" Team",2
39,David White,,,1:18:15,"The ""R"" Team",2
39,Tommy Begley,,,1:00:14,"The ""R"" Team",3
39,Alasdair McCallum,,,1:00:14,"The ""R"" Team",3
39,Roderick Pugh,,,0:36:26,"The ""R"" Team",4
40,Andy Laycock,,,0:29:33,Kinross RR The Teachers and the Students,1
40,Allan Kemp,,,1:15:52,Kinross RR The Teachers and the Students,2
40,Andy Johns,,,1:15:52,Kinross RR The Teachers and the Students,2
40,Jillian Gordon,,,1:02:25,Kinross RR The Teachers and the Students,3
40,Hazel Porter,,,1:02:25,Kinross RR The Teachers and the Students,3
40,Judith Dobson,,,0:39:59,Kinross RR The Teachers and the Students,4
41,Dan Clements,,,0:30:54,HBT Hoppy Beer's Tremendous!,1
41,Bobby Scully,,,1:24:09,HBT Hoppy Beer's Tremendous!,2
41,Dave Matthews,,,1:24:09,HBT Hoppy Beer's Tremendous!,2
41,Peter Gardiner,,,0:59:53,HBT Hoppy Beer's Tremendous!,3
41,Dan Beckett,,,0:59:53,HBT Hoppy Beer's Tremendous!,3
41,Gavin Schmidt,,,0:33:07,HBT Hoppy Beer's Tremendous!,4
42,David Sleigh,,,0:33:16,Fife AC MV40,1
42,Wright Beveridge,,,1:19:36,Fife AC MV40,2
42,Neil Millar,,,1:19:36,Fife AC MV40,2
42,Andy Milne,,,0:58:23,Fife AC MV40,3
42,Luca Basso,,,0:58:23,Fife AC MV40,3
42,Calum Harvie,,,0:38:29,Fife AC MV40,4
43,Tommy Rampling,,,0:32:49,Rubbie Burny Bitz HRC,1
43,Tom Middlemiss,,,1:23:16,Rubbie Burny Bitz HRC,2
43,Rachel Middlemiss,,,1:23:16,Rubbie Burny Bitz HRC,2
43,Stephen Dorey,,,0:59:39,Rubbie Burny Bitz HRC,3
43,Fergus Bisset,,,0:59:39,Rubbie Burny Bitz HRC,3
43,Duncan Hill,,,0:34:14,Rubbie Burny Bitz HRC,4
44,Roddy McCrae,,,0:30:59,Carnethy MV50-2,1
44,Andrew Shepherd,,,1:16:59,Carnethy MV50-2,2
44,Andy Spenceley,,,1:16:59,Carnethy MV50-2,2
44,Willie Gibson,,,1:06:48,Carnethy MV50-2,3
44,Bob Waterhouse,,,1:06:48,Carnethy MV50-2,3
44,Gordon Cameron,,,0:37:00,Carnethy MV50-2,4
45,Claire Stansfield,,,0:36:57,Wilson + Stansfield,1
45,Thomas Wilson,,,1:13:59,Wilson + Stansfield,2
45,Daniel Stansfield,,,1:13:59,Wilson + Stansfield,2
45,Steve Wilson,,,1:02:06,Wilson + Stansfield,3
45,Ben Stansfield,,,1:02:06,Wilson + Stansfield,3
45,Emma Wilson,,,0:39:12,Wilson + Stansfield,4
46,Ricky Davidson,,,0:31:27,Hawks C,1
46,Dave Mitchell,,,1:24:57,Hawks C,2
46,John Hepburn,,,1:24:57,Hawks C,2
46,Gareth Irons,,,0:57:25,Hawks C,3
46,Mark Lamb,,,0:57:25,Hawks C,3
46,Phil Forte,,,0:39:16,Hawks C,4
47,Malcolm Macfie,,,0:39:03,Beacon A,1
47,Neil MacNichol,,,1:13:17,Beacon A,2
47,Bobby Summers,,,1:13:17,Beacon A,2
47,Jim Stevenson,,,0:59:43,Beacon A,3
47,David Lyon,,,0:59:43,Beacon A,3
47,Ian Hill,,,0:42:26,Beacon A,4
48,James O'Donnell,,,0:36:58,Dundee Road Runners A,1
48,Matty Low,,,1:23:01,Dundee Road Runners A,2
48,David Stewart,,,1:23:01,Dundee Road Runners A,2
48,John Mill,,,1:02:09,Dundee Road Runners A,3
48,Richard Toller,,,1:02:09,Dundee Road Runners A,3
48,Steve Peters,,,0:34:15,Dundee Road Runners A,4
49,Bryce Aitken,,,0:31:14,Fife AC Fife President's Select,1
49,Steven Pennycook,,,1:27:04,Fife AC Fife President's Select,2
49,Eric Lalande,,,1:27:04,Fife AC Fife President's Select,2
49,Gary Barker,,,1:03:48,Fife AC Fife President's Select,3
49,Graeme Barker,,,1:03:48,Fife AC Fife President's Select,3
49,Colin Brown,,,0:34:33,Fife AC Fife President's Select,4
50,Paul Macari,,,0:35:53,Forfar Hill Runners,1
50,Craig Stewart,,,1:23:31,Forfar Hill Runners,2
50,Keith Headridge,,,1:23:31,Forfar Hill Runners,2
50,Ron Milne,,,1:06:02,Forfar Hill Runners,3
50,Scott McPherson,,,1:06:02,Forfar Hill Runners,3
50,Brian Bonnyman,,,0:32:21,Forfar Hill Runners,4
51,Beverley Gibson,,,0:33:48,Fife AC Fifie Wifies,1
51,Louise Burt,,,1:24:52,Fife AC Fifie Wifies,2
51,Susan Harley,,,1:24:52,Fife AC Fifie Wifies,2
51,Hilary Ritchie,,,1:00:53,Fife AC Fifie Wifies,3
51,Sarah Legge,,,1:00:53,Fife AC Fifie Wifies,3
51,Keren MacPherson,,,0:38:21,Fife AC Fifie Wifies,4
52,Kieran Morgan,,,0:37:36,Carnegie Harriers Dreamy Team,1
52,Calum Vallance,,,1:24:34,Carnegie Harriers Dreamy Team,2
52,David Greig,,,1:24:34,Carnegie Harriers Dreamy Team,2
52,Ian Johnston,,,0:59:53,Carnegie Harriers Dreamy Team,3
52,John Hynd,,,0:59:53,Carnegie Harriers Dreamy Team,3
52,Andrew Smith,,,0:36:10,Carnegie Harriers Dreamy Team,4
53,Clara Ursitti,,,0:36:06,Shettleston Refined Mix,1
53,Adam Harris,,,1:19:57,Shettleston Refined Mix,2
53,Graham Ramsay,,,1:19:57,Shettleston Refined Mix,2
53,Malcolm Patterson,,,0:59:14,Shettleston Refined Mix,3
53,Lucy Colquhoun,,,0:59:14,Shettleston Refined Mix,3
53,Susan Breckenridge,,,0:44:36,Shettleston Refined Mix,4
54,Maureen Hill,,,0:37:40,Kinross RR Nick's Devils,1
54,Matt Newton,,,1:23:56,Kinross RR Nick's Devils,2
54,Nick Rowan,,,1:23:56,Kinross RR Nick's Devils,2
54,Graham Kemp,,,0:59:58,Kinross RR Nick's Devils,3
54,Scott Strachan,,,0:59:58,Kinross RR Nick's Devils,3
54,David Chalmers,,,0:39:30,Kinross RR Nick's Devils,4
55,Karen Kealey,,,0:34:53,OHR FV40,1
55,Andrea Priestley,,,1:22:03,OHR FV40,2
55,Fiona Kelsall,,,1:22:03,OHR FV40,2
55,Katy Baxter,,,1:03:42,OHR FV40,3
55,Mairi McIntosh,,,1:03:42,OHR FV40,3
55,Susan Lindsey,,,0:40:51,OHR FV40,4
56,Keith Ferguson,,,0:33:53,Fife AC Geordie Munro Baggers,1
56,Neill Mitchell,,,1:23:31,Fife AC Geordie Munro Baggers,2
56,Dan Newman,,,1:23:31,Fife AC Geordie Munro Baggers,2
56,Ian Ritchie,,,1:09:53,Fife AC Geordie Munro Baggers,3
56,Jim Woodburn,,,1:09:53,Fife AC Geordie Munro Baggers,3
56,Jay Todd,,,0:34:31,Fife AC Geordie Munro Baggers,4
57,Gail Murdoch,,,0:34:59,Carnegie Harriers Beautiful Belles,1
57,Fabienne Thompson,,,1:32:25,Carnegie Harriers Beautiful Belles,2
57,Isobel Burnett,,,1:32:25,Carnegie Harriers Beautiful Belles,2
57,Jo Wilson,,,0:57:26,Carnegie Harriers Beautiful Belles,3
57,Kristin Lonnie,,,0:57:26,Carnegie Harriers Beautiful Belles,3
57,Melanie Sinclair,,,0:37:54,Carnegie Harriers Beautiful Belles,4
58,Jim Shemilt,,,0:37:15,OHR Mixed,1
58,John McEwan,,,1:25:11,OHR Mixed,2
58,Juliette Camburn,,,1:25:11,OHR Mixed,2
58,Sararh Wiseman,,,0:57:04,OHR Mixed,3
58,Gillian Godfrey,,,0:57:04,OHR Mixed,3
58,Ron Martin,,,0:44:29,OHR Mixed,4
59,Iain Beedie,,,0:33:21,Lomie Legends,1
59,Dave Turner,,,1:21:19,Lomie Legends,2
59,Colin Wilson,,,1:21:19,Lomie Legends,2
59,Richard Gatehouse,,,1:10:19,Lomie Legends,3
59,Alan Graham,,,1:10:19,Lomie Legends,3
59,Pat Mallet,,,0:40:43,Lomie Legends,4
60,Rachel Blaikie,,,0:41:05,Kinnoull Runners Down,1
60,Andrew Blaikie,,,1:19:40,Kinnoull Runners Down,2
60,Matthew McCullach,,,1:19:40,Kinnoull Runners Down,2
60,Laura Jarvis,,,1:17:14,Kinnoull Runners Down,3
60,Catherine Evans,,,1:17:14,Kinnoull Runners Down,3
60,Barry McGuire,,,0:31:25,Kinnoull Runners Down,4
61,Ian Simpson,,,0:36:54,Leven Tufties,1
61,David Howe,,,1:22:21,Leven Tufties,2
61,Jason Harrison,,,1:22:21,Leven Tufties,2
61,Ian Little,,,1:05:08,Leven Tufties,3
61,Ruwan Fernando,,,1:05:08,Leven Tufties,3
61,Leonard Zabek,,,0:45:48,Leven Tufties,4
62,George Findlay,,,0:36:14,"Anster Haddies ""A""",1
62,Chris Broome,,,1:42:36,"Anster Haddies ""A""",2
62,Allan Gibson,,,1:42:36,"Anster Haddies ""A""",2
62,Davie Burgess,,,0:52:12,"Anster Haddies ""A""",3
62,Stuart McKenzie,,,0:52:12,"Anster Haddies ""A""",3
62,Ewan Cameron,,,0:40:32,"Anster Haddies ""A""",4
63,Phil Suttie,,,0:32:31,Team Snake,1
63,Ian Donald,,,1:29:27,Team Snake,2
63,Brian Hill,,,1:29:27,Team Snake,2
63,Phil McLaughlin,,,1:04:11,Team Snake,3
63,Nev McLaughlin,,,1:04:11,Team Snake,3
63,Michael Watson,,,0:46:43,Team Snake,4
64,Michael McComb,,,0:36:38,Penicuik Harriers Cuikie Cream,1
64,Rob Wilson,,,1:24:31,Penicuik Harriers Cuikie Cream,2
64,Mark Snodgrass,,,1:24:31,Penicuik Harriers Cuikie Cream,2
64,Andrea Wilson,,,1:08:29,Penicuik Harriers Cuikie Cream,3
64,Chris Downie,,,1:08:29,Penicuik Harriers Cuikie Cream,3
64,Sadie Kemp,,,0:43:36,Penicuik Harriers Cuikie Cream,4
65,Rory Morrice,,,0:32:36,Team DKMC,1
65,Rob Davies,,,1:32:38,Team DKMC,2
65,Jamie Cunningham,,,1:32:38,Team DKMC,2
65,Lizzie Knox,,,1:15:35,Team DKMC,3
65,Katie Cunningham,,,1:15:35,Team DKMC,3
65,Thomas Knox,,,0:32:51,Team DKMC,4
66,Pete Bracegirdle,,,0:33:06,The Sonsie Bogles,1
66,Simon Maclean,,,1:30:12,The Sonsie Bogles,2
66,Anthony Hagger,,,1:30:12,The Sonsie Bogles,2
66,Ally Kirk,,,1:07:38,The Sonsie Bogles,3
66,Allan Lang,,,1:07:38,The Sonsie Bogles,3
66,Kenny McAlpine,,,0:44:38,The Sonsie Bogles,4
67,Joda Quigley,,,0:33:17,Westies Ladies A,1
67,Deborah Stokoe,,,1:36:15,Westies Ladies A,2
67,Mirjam Allik,,,1:36:15,Westies Ladies A,2
67,Paula Gardiner,,,1:01:13,Westies Ladies A,3
67,Sarah Adams,,,1:01:13,Westies Ladies A,3
67,Karine Salin,,,0:44:56,Westies Ladies A,4
68,Pat Mallet,,,0:36:48,Glorious Glees of Lomonds,1
68,Gus Bowman,,,1:28:25,Glorious Glees of Lomonds,2
68,Derek Jablonski,,,1:28:25,Glorious Glees of Lomonds,2
68,Brian Landels,,,1:09:06,Glorious Glees of Lomonds,3
68,David Osborn,,,1:09:06,Glorious Glees of Lomonds,3
68,Joe Holden,,,0:41:54,Glorious Glees of Lomonds,4
69,David Norrie,,,0:36:21,Fife AC Daniel Clark,1
69,Daniel Clarke,,,1:25:29,Fife AC Daniel Clark,2
69,Andy Howett,,,1:25:29,Fife AC Daniel Clark,2
69,Frank Popham,,,1:01:49,Fife AC Daniel Clark,3
69,Richard Wotherspoon,,,1:01:49,Fife AC Daniel Clark,3
69,Pete Caulton,,,0:52:50,Fife AC Daniel Clark,4
70,Kieran Middleton,,,0:37:12,Porty Dads,1
70,Andy McFadyen,,,1:28:32,Porty Dads,2
70,Ben Cluley,,,1:28:32,Porty Dads,2
70,Geoff Lynn,,,1:03:29,Porty Dads,3
70,RobinTorrie,,,1:03:29,Porty Dads,3
70,Ian McMillan,,,0:47:24,Porty Dads,4
71,William Gabrielli,,,0:37:19,SASOL Slugs,1
71,Michael Loadman,,,1:43:37,SASOL Slugs,2
71,Said Abu Bakar,,,1:43:37,SASOL Slugs,2
71,Rhona Van Rensburg,,,0:59:14,SASOL Slugs,3
71,Hendrik Van Rensburg,,,0:59:14,SASOL Slugs,3
71,Paul Webb,,,0:36:54,SASOL Slugs,4
72,Linda Palmer,,,0:39:24,Kinross RR Dream Team,1
72,John Boyle,,,1:29:56,Kinross RR Dream Team,2
72,Annabel Simpson,,,1:29:56,Kinross RR Dream Team,2
72,Mhairi Boyle,,,1:07:23,Kinross RR Dream Team,3
72,Kevin Reith,,,1:07:23,Kinross RR Dream Team,3
72,Keith Cuthbert,,,0:40:36,Kinross RR Dream Team,4
73,Iona McKay,,,0:36:58,Wee County Harriers Best Team,1
73,Gordon McNeil,,,1:33:16,Wee County Harriers Best Team,2
73,David McNeil,,,1:33:16,Wee County Harriers Best Team,2
73,Derek Fish,,,1:06:29,Wee County Harriers Best Team,3
73,Scott Wilson,,,1:06:29,Wee County Harriers Best Team,3
73,Stephen Beveridge,,,0:40:39,Wee County Harriers Best Team,4
74,Georgina McAllister,,,0:39:10,Carnethy Ladies,1
74,Joanne Anderson,,,1:28:08,Carnethy Ladies,2
74,Myvanwy Fenton May,,,1:28:08,Carnethy Ladies,2
74,Mary Lye,,,1:04:04,Carnethy Ladies,3
74,Kathy Henly,,,1:04:04,Carnethy Ladies,3
74,Annie Gaguardi,,,0:46:09,Carnethy Ladies,4
75,Peter Midgley,,,0:37:45,Westies Mens D,1
75,Keith Adams,,,1:35:21,Westies Mens D,2
75,Mindy MacLeod,,,1:35:21,Westies Mens D,2
75,John Hamer,,,1:05:24,Westies Mens D,3
75,Christopher McKiddle,,,1:05:24,Westies Mens D,3
75,Paul Strachan,,,0:39:02,Westies Mens D,4
76,Maddy Watson,,,0:34:38,Strathearn Ladies,1
76,Rhian Evans,,,1:27:30,Strathearn Ladies,2
76,Ruth Howie,,,1:27:30,Strathearn Ladies,2
76,Cathy Tilbrook,,,1:11:47,Strathearn Ladies,3
76,Fran Loots,,,1:11:47,Strathearn Ladies,3
76,Rachel Gallagher,,,0:46:33,Strathearn Ladies,4
77,Jari Pekkarinen,,,0:33:31,KFO Magic Milers,1
77,Brian Smith,,,1:33:19,KFO Magic Milers,2
77,John McGaff,,,1:33:19,KFO Magic Milers,2
77,Clive Roberts,,,0:57:35,KFO Magic Milers,3
77,Dom Kardokas,,,0:57:35,KFO Magic Milers,3
77,David Ellison,,,0:56:40,KFO Magic Milers,4
78,Sandy Hayden,,,0:39:44,Calderglen Harriers B,1
78,Jim Holmes,,,1:33:44,Calderglen Harriers B,2
78,Allan McLellan,,,1:33:44,Calderglen Harriers B,2
78,Francis Maxwell,,,1:07:43,Calderglen Harriers B,3
78,Geo Ferguson,,,1:07:43,Calderglen Harriers B,3
78,Kenny Crinster,,,0:40:32,Calderglen Harriers B,4
79,Julie Thomson,,,0:40:49,Porty Prom Stars,1
79,Shauna Macaninch,,,1:29:23,Porty Prom Stars,2
79,Alasdair Dunlop,,,1:29:23,Porty Prom Stars,2
79,Claire Heffernan,,,1:08:30,Porty Prom Stars,3
79,Lynne Hogarth,,,1:08:30,Porty Prom Stars,3
79,Kieran Middleton,,,0:43:31,Porty Prom Stars,4
80,Ailsa Cruickshanks,,,0:32:33,Anster Haddies Ailsa's Team,1
80,Hazel Bradley,,,1:42:11,Anster Haddies Ailsa's Team,2
80,Elise Methven,,,1:42:11,Anster Haddies Ailsa's Team,2
80,Rachael Grieve,,,1:03:36,Anster Haddies Ailsa's Team,3
80,Rosie Knox,,,1:03:36,Anster Haddies Ailsa's Team,3
80,Sharon Brown,,,0:44:48,Anster Haddies Ailsa's Team,4
81,Melissa Robinson,,,0:32:57,Helensburgh AAC,1
81,Iain Dowcra,,,1:24:11,Helensburgh AAC,2
81,Michelle Hetherington,,,1:24:11,Helensburgh AAC,2
81,Rebecca Parry,,,1:04:26,Helensburgh AAC,3
81,Gordon Andrew,,,1:04:26,Helensburgh AAC,3
81,Laura Johnstone,,,1:02:31,Helensburgh AAC,4
82,Neil Finnie,,,0:31:27,Las Vegas Skwerlz,1
82,Lee Cessford,,,1:51:03,Las Vegas Skwerlz,2
82,Colin Smith,,,1:51:03,Las Vegas Skwerlz,2
82,Zoe Johnston,,,1:06:47,Las Vegas Skwerlz,3
82,Carole Mowbray,,,1:06:47,Las Vegas Skwerlz,3
82,Judy Turner,,,0:36:15,Las Vegas Skwerlz,4
83,Fiona McDonald,,,0:37:37,Strathearn Mixed,1
83,Jim McConnell,,,1:24:57,Strathearn Mixed,2
83,Tony Wayte,,,1:24:57,Strathearn Mixed,2
83,Julia Greenlees,,,1:19:37,Strathearn Mixed,3
83,Ruth Clark,,,1:19:37,Strathearn Mixed,3
83,Maddy Watson,,,0:44:00,Strathearn Mixed,4
84,John MacPherson,,,0:37:34,Aberdeen Lynx Pack,1
84,Louise Provan,,,1:32:06,Aberdeen Lynx Pack,2
84,Bert van Tuijl,,,1:32:06,Aberdeen Lynx Pack,2
84,Robin Livingston,,,1:13:15,Aberdeen Lynx Pack,3
84,Mike McConnell,,,1:13:15,Aberdeen Lynx Pack,3
84,Geoff Carle,,,0:44:59,Aberdeen Lynx Pack,4
85,Sandra Robertson,,,0:35:02,Fife AC Flyers,1
85,Anita Laidlaw,,,1:40:23,Fife AC Flyers,2
85,Liz Killean,,,1:40:23,Fife AC Flyers,2
85,Julia Neufeind,,,1:15:04,Fife AC Flyers,3
85,Carrie Fox,,,1:15:04,Fife AC Flyers,3
85,Sandra Tulloch,,,0:37:54,Fife AC Flyers,4
86,Hannah Kennedy,,,0:41:36,Cosmics Mixed,1
86,Gary Gutteridge,,,1:42:48,Cosmics Mixed,2
86,Dave Clark,,,1:42:48,Cosmics Mixed,2
86,Gillian Clunes,,,1:01:31,Cosmics Mixed,3
86,Elaine Stewart,,,1:01:31,Cosmics Mixed,3
86,Lesley Clark,,,0:42:29,Cosmics Mixed,4
87,Graham Cormack,,,0:39:51,Kinnoull Runners Up,1
87,John Harper,,,1:44:05,Kinnoull Runners Up,2
87,Dave McElnea,,,1:44:05,Kinnoull Runners Up,2
87,Gillian McGuire,,,1:04:14,Kinnoull Runners Up,3
87,Annie McElnea,,,1:04:14,Kinnoull Runners Up,3
87,Claire Douglas,,,0:40:42,Kinnoull Runners Up,4
88,Steve Wombwell,,,0:39:14,Beacon B,1
88,Peter Brown,,,1:31:06,Beacon B,2
88,George Lees,,,1:31:06,Beacon B,2
88,Peter Hanson,,,1:09:13,Beacon B,3
88,Sam Ferguson,,,1:09:13,Beacon B,3
88,Ken Wilson,,,0:49:40,Beacon B,4
89,Hannah Devey,,,0:32:38,HBT Hills Beckon Trotters,1
89,Sarah O'Neil,,,1:39:07,HBT Hills Beckon Trotters,2
89,Sinead O'Malley,,,1:39:07,HBT Hills Beckon Trotters,2
89,Carrier Craig,,,1:11:18,HBT Hills Beckon Trotters,3
89,Janice Smith,,,1:11:18,HBT Hills Beckon Trotters,3
89,Catriona Bruce,,,0:46:29,HBT Hills Beckon Trotters,4
90,Willie Rennie,,,0:32:53,Carnegie Harriers Leg Ends,1
90,Jonathan Miller,,,1:46:41,Carnegie Harriers Leg Ends,2
90,Steve Greer,,,1:46:41,Carnegie Harriers Leg Ends,2
90,Malcolm Smith,,,1:02:34,Carnegie Harriers Leg Ends,3
90,Barry Davie,,,1:02:34,Carnegie Harriers Leg Ends,3
90,Ian Thompson,,,0:49:14,Carnegie Harriers Leg Ends,4
91,Sandra Reid,,,0:40:31,Calderglen Harriers A,1
91,Stephen Phimister,,,1:31:49,Calderglen Harriers A,2
91,Alan Derrick,,,1:31:49,Calderglen Harriers A,2
91,Eddie Reid,,,1:01:03,Calderglen Harriers A,3
91,Billy Buchanan,,,1:01:03,Calderglen Harriers A,3
91,Chas Steven,,,0:58:08,Calderglen Harriers A,4
92,Jill Horsburgh,,,0:41:21,Linlithgow Athletic Club,1
92,David Mason,,,1:33:59,Linlithgow Athletic Club,2
92,Angus Gallie,,,1:33:59,Linlithgow Athletic Club,2
92,Bryan Grome,,,1:13:13,Linlithgow Athletic Club,3
92,Darren Dick,,,1:13:13,Linlithgow Athletic Club,3
92,Graham Burrows,,,0:46:24,Linlithgow Athletic Club,4
93,Fiona Strachan,,,0:37:20,The Glow Worms,1
93,Kirsty Maguire,,,1:33:28,The Glow Worms,2
93,Laura Millichamp,,,1:33:28,The Glow Worms,2
93,Siobhan Johnson,,,1:12:11,The Glow Worms,3
93,Elspeth Luke,,,1:12:11,The Glow Worms,3
93,Sarah Young,,,0:52:34,The Glow Worms,4
94,Karen Campbell,,,0:38:05,Five Lassies wi a Loon,1
94,Tracy Morgan,,,1:32:23,Five Lassies wi a Loon,2
94,Lynn Henderson,,,1:32:23,Five Lassies wi a Loon,2
94,Donna Pass,,,1:15:30,Five Lassies wi a Loon,3
94,Robert Brown,,,1:15:30,Five Lassies wi a Loon,3
94,Pamela Irving,,,0:51:16,Five Lassies wi a Loon,4
95,Tommy Sargenti,,,0:42:22,Goju Ryu Martial Arts Academy,1
95,Jens Tilsker,,,1:27:28,Goju Ryu Martial Arts Academy,2
95,Adrian Donnachie,,,1:27:28,Goju Ryu Martial Arts Academy,2
95,Steven Murray,,,1:24:34,Goju Ryu Martial Arts Academy,3
95,Alistair O'Brian,,,1:24:34,Goju Ryu Martial Arts Academy,3
95,Callum Dick,,,0:47:19,Goju Ryu Martial Arts Academy,4
96,Fiona Gibson,,,0:39:56,Dundee Road Runners B,1
96,Jennifer Massie,,,1:45:44,Dundee Road Runners B,2
96,Morag Taggart,,,1:45:44,Dundee Road Runners B,2
96,Steph Devlin,,,1:20:12,Dundee Road Runners B,3
96,Gail Rattray,,,1:20:12,Dundee Road Runners B,3
96,Gillian Sangster,,,0:35:59,Dundee Road Runners B,4
97,John McNally,,,0:42:44,Fife AC Grumpy Grumpier Grumpiest,1
97,Tom Ross,,,1:30:00,Fife AC Grumpy Grumpier Grumpiest,2
97,Carole Melville,,,1:30:00,Fife AC Grumpy Grumpier Grumpiest,2
97,Andy Wright,,,1:22:09,Fife AC Grumpy Grumpier Grumpiest,3
97,Gerry McPartlin,,,1:22:09,Fife AC Grumpy Grumpier Grumpiest,3
97,Dave Francis,,,0:47:01,Fife AC Grumpy Grumpier Grumpiest,4
98,Carole Mallett,,,0:43:12,Lomie Ladies,1
98,Joan Wilson,,,1:41:50,Lomie Ladies,2
98,Lorraine Russell,,,1:41:50,Lomie Ladies,2
98,Jean Bowman,,,1:13:36,Lomie Ladies,3
98,Julia Conner,,,1:13:36,Lomie Ladies,3
98,Julia Conner,,,0:44:54,Lomie Ladies,4
99,Gordy Bulloch,,,0:35:54,Westies C,1
99,Ally Stokoe,,,1:52:20,Westies C,2
99,Rhona Bennie,,,1:52:20,Westies C,2
99,Ewan Cameron,,,1:07:15,Westies C,3
99,Jamie Provan,,,1:07:15,Westies C,3
99,Klaas Wynne,,,0:48:12,Westies C,4
100,Gillian McCracken,,,0:41:55,Carnegie Harriers Mixed V40,1
100,Morna Fleming,,,1:48:07,Carnegie Harriers Mixed V40,2
100,Phil Smithard,,,1:48:07,Carnegie Harriers Mixed V40,2
100,Sam Newington,,,1:08:31,Carnegie Harriers Mixed V40,3
100,Fabienne Thompson,,,1:08:31,Carnegie Harriers Mixed V40,3
100,Isobel Burnett,,,0:45:54,Carnegie Harriers Mixed V40,4
101,Gillian Kemp,,,0:43:24,Kinross RR Mixed Bag,1
101,Neil Robertson,,,1:39:52,Kinross RR Mixed Bag,2
101,Ken Chalmers,,,1:39:52,Kinross RR Mixed Bag,2
101,Lynn Hunter,,,1:16:19,Kinross RR Mixed Bag,3
101,Neil Hunter,,,1:16:19,Kinross RR Mixed Bag,3
101,Paul Allcoat,,,0:45:22,Kinross RR Mixed Bag,4
102,Val Findlay,,,0:39:20,Over The Hill and Far Away,1
102,Sarah Hutt,,,1:39:35,Over The Hill and Far Away,2
102,Kirsty Gray,,,1:39:35,Over The Hill and Far Away,2
102,Ann Malcolm,,,1:21:04,Over The Hill and Far Away,3
102,Wendy Grieve,,,1:21:04,Over The Hill and Far Away,3
102,Amanda Rennie,,,0:46:51,Over The Hill and Far Away,4
103,Eva Groeneveld,,,0:39:53,Reuben's Runners,1
103,Ben Seymour,,,1:35:49,Reuben's Runners,2
103,Bernhard Struck,,,1:35:49,Reuben's Runners,2
103,Sarah Archer,,,1:25:24,Reuben's Runners,3
103,Miriam Simpson,,,1:25:24,Reuben's Runners,3
103,Kristina Struck,,,0:46:52,Reuben's Runners,4
104,Sandra Aitken,,,0:41:17,Fife AC Flying Fifties,1
104,Margaret Martin,,,1:33:33,Fife AC Flying Fifties,2
104,Tony Martin,,,1:33:33,Fife AC Flying Fifties,2
104,Nanette Heaney,,,1:19:40,Fife AC Flying Fifties,3
104,Innes Bracegirdle,,,1:19:40,Fife AC Flying Fifties,3
104,Sue Whisler,,,0:57:32,Fife AC Flying Fifties,4
105,Ian Nimmo,,,0:55:47,Carnethy MV60,1
105,Keith Burns,,,1:41:27,Carnethy MV60,2
105,Trevor Collins,,,1:41:27,Carnethy MV60,2
105,Digby Maass,,,1:10:27,Carnethy MV60,3
105,Jean Jumelle,,,1:10:27,Carnethy MV60,3
105,Brian Howie,,,0:44:29,Carnethy MV60,4
106,Liz Moffat,,,0:46:52,Wee County Harriers Young Ones,1
106,Sandy Dunn,,,1:35:59,Wee County Harriers Young Ones,2
106,Billy Turnbull,,,1:35:59,Wee County Harriers Young Ones,2
106,Anne Motion,,,1:27:00,Wee County Harriers Young Ones,3
106,Caroline Strain,,,1:27:00,Wee County Harriers Young Ones,3
106,Trevor Andrews,,,0:46:57,Wee County Harriers Young Ones,4
107,Christine Bowie,,,0:40:39,Anster Haddies Christine's Team,1
107,Fiona Cruickshanks,,,1:48:01,Anster Haddies Christine's Team,2
107,Yvonne Dehn,,,1:48:01,Anster Haddies Christine's Team,2
107,Alice Hall,,,1:15:05,Anster Haddies Christine's Team,3
107,Pamela Cruickshanks,,,1:15:05,Anster Haddies Christine's Team,3
107,Angela Small,,,0:54:14,Anster Haddies Christine's Team,4
108,Hilary Spenceley,,,0:36:41,Carnethy FV50,1
108,Moira Stewart,,,1:43:11,Carnethy FV50,2
108,Karen Meikle,,,1:43:11,Carnethy FV50,2
108,Cali Ingham,,,1:22:04,Carnethy FV50,3
108,Irene Schierloh,,,1:22:04,Carnethy FV50,3
108,Margaret Forrest,,,0:56:05,Carnethy FV50,4
109,Muffy Calder,,,0:40:07,Westies Ladies B,1
109,Jo Hewitt,,,1:47:20,Westies Ladies B,2
109,Helen Macpherson,,,1:47:20,Westies Ladies B,2
109,Christine Menitennett,,,1:11:59,Westies Ladies B,3
109,Gaynor Gillespie,,,1:11:59,Westies Ladies B,3
109,Leanne Cook,,,1:02:52,Westies Ladies B,4
110,Jim Hogsflesh,,,0:45:19,Anster Haddies B,1
110,George Hay,,,2:16:33,Anster Haddies B,2
110,Allan Galloway,,,2:16:33,Anster Haddies B,2
110,Gordon Halliday,,,0:59:18,Anster Haddies B,3
110,Giles Harris,,,0:59:18,Anster Haddies B,3
110,Colin McKie,,,0:41:53,Anster Haddies B,4
111,Susan Gallacher,,,0:42:39,Dumfries Running Club,1
111,James Kellock,,,1:57:33,Dumfries Running Club,2
111,Mohammed Khan,,,1:57:33,Dumfries Running Club,2
111,Kerry Walker,,,1:15:44,Dumfries Running Club,3
111,Sue Jeffrey,,,1:15:44,Dumfries Running Club,3
111,Stephen Mohan,,,0:47:19,Dumfries Running Club,4
112,Ian Shields,,,0:42:27,Tufty Vegans,1
112,Ross Buchanan,,,1:44:47,Tufty Vegans,2
112,Jeff Taylor,,,1:44:47,Tufty Vegans,2
112,Lynne Zabek,,,1:22:14,Tufty Vegans,3
112,Rosie Lee,,,1:22:14,Tufty Vegans,3
112,Nicki Wood,,,0:56:03,Tufty Vegans,4
113,Kathy Jarvis,,,0:39:58,Carnethy FV40,1
113,Joanne Thin,,,1:50:02,Carnethy FV40,2
113,Nicola Dunn,,,1:50:02,Carnethy FV40,2
113,Carolyn Dyson,,,1:18:05,Carnethy FV40,3
113,Ina Donat,,,1:18:05,Carnethy FV40,3
113,Kirsty Loudon,,,0:59:35,Carnethy FV40,4
114,Jill Leask,,,0:40:13,Beacon Ladies,1
114,Shân Lees,,,1:58:19,Beacon Ladies,2
114,Karen Young,,,1:58:19,Beacon Ladies,2
114,Trish Whitelaw,,,1:23:31,Beacon Ladies,3
114,Adele Osborne,,,1:23:31,Beacon Ladies,3
114,Hazel Williamson,,,0:50:24,Beacon Ladies,4
115,Catherine Matthews,,,0:36:57,Hawks Mixed,1
115,Lyn Hanlon,,,1:53:07,Hawks Mixed,2
115,Sacha Koch,,,1:53:07,Hawks Mixed,2
115,Charlie Love,,,1:32:11,Hawks Mixed,3
115,Alan Kennedy,,,1:32:11,Hawks Mixed,3
115,Dave Nicholson,,,0:53:17,Hawks Mixed,4
116,Elizabeth Shively,,,0:37:55,St Andrews Advanturers,1
116,Charlotte Kirby,,,2:00:11,St Andrews Advanturers,2
116,Ally McAdam-Smith,,,2:00:11,St Andrews Advanturers,2
116,Kerith George-Briant,,,1:23:53,St Andrews Advanturers,3
116,Pamela McIldowie,,,1:23:53,St Andrews Advanturers,3
116,Sue Armstrong,,,0:54:35,St Andrews Advanturers,4
117,Jackie Himpson,,,0:44:15,The Slow-Worms,1
117,Wendy Bullard,,,1:59:15,The Slow-Worms,2
117,Sue Basham,,,1:59:15,The Slow-Worms,2
117,Wilma Davidson,,,1:40:25,The Slow-Worms,3
117,Shona Robertson,,,1:40:25,The Slow-Worms,3
117,Penny Noel,,,0:38:17,The Slow-Worms,4
118,Ruth Toller,,,0:52:31,Dundee Road Runners C,1
118,Kenny Malone,,,1:55:25,Dundee Road Runners C,2
118,Jordan Young,,,1:55:25,Dundee Road Runners C,2
118,Jennifer Rao-Williams,,,1:20:19,Dundee Road Runners C,3
118,Bob Jack,,,1:20:19,Dundee Road Runners C,3
118,Ron Fraser,,,1:03:30,Dundee Road Runners C,4
119,Carole Fraser,,,0:48:13,Anster Haddies Carole's Team,1
119,Debz Hay,,,2:05:45,Anster Haddies Carole's Team,2
119,Jazmin Hay,,,2:05:45,Anster Haddies Carole's Team,2
119,Jazmin Hay,,,1:25:14,Anster Haddies Carole's Team,3
119,Ryan Hood,,,1:25:14,Anster Haddies Carole's Team,3
119,Jackie Galloway,,,1:04:32,Anster Haddies Carole's Team,4
120,Grant Laycock,,,0:38:45,Fife AC Alastair's Team,1
120,Ronnie Stalker,,,1:58:13,Fife AC Alastair's Team,2
120,Stewart Davidson,,,1:58:13,Fife AC Alastair's Team,2
120,Alastair Robertson,,,1:58:20,Fife AC Alastair's Team,3
120,Gillian Robertson,,,1:58:20,Fife AC Alastair's Team,3
120,Eric Nachman,,,0:49:42,Fife AC Alastair's Team,4
121,Susan Bayne,,,0:55:13,"Fife AC The ""Y"" Nots",1
121,Wendy Ritchie,,,2:07:37,"Fife AC The ""Y"" Nots",2
121,Fiona McColl,,,2:07:37,"Fife AC The ""Y"" Nots",2
121,Anne Whiteford,,,1:27:42,"Fife AC The ""Y"" Nots",3
121,Sandra Mitchell,,,1:27:42,"Fife AC The ""Y"" Nots",3
121,Kate Fernando,,,0:59:36,"Fife AC The ""Y"" Nots",4
122,Alison Robertson,,,0:42:49,Kinross RR Senior Mixed,1
122,Norman Smith,,,2:09:31,Kinross RR Senior Mixed,2
122,Anne Macintyre,,,2:09:31,Kinross RR Senior Mixed,2
122,Sarah Eaton,,,1:43:27,Kinross RR Senior Mixed,3
122,Bill Nouillan,,,1:43:27,Kinross RR Senior Mixed,3
122,Sandy MacCalman,,,1:01:04,Kinross RR Senior Mixed,4
123,Brenda Paul,,,0:47:53,Westies Ladies C,1
123,Noelle Ryan,,,2:31:10,Westies Ladies C,2
123,Sharon Taylor,,,2:31:10,Westies Ladies C,2
123,Fiona Mail,,,1:42:57,Westies Ladies C,3
123,Pat McLaughlin,,,1:42:57,Westies Ladies C,3
123,Claire Lavarride,,,0:50:26,Westies Ladies C,4
